"id","date","name","email","grade","status","geoLocation","timezone","service","profInterests","funFact","emailList","tutoringMails","academicSvsMails","relationsMails","accepted_date","created_at","updated_at","accept_date"
"_78LmDYjRyFRV59e8crFI","1595524169582","row","eeemail@gmail.com","some grade","accepted","street location","gmt+1","tutoring","gaming","idk",true,true,true,true,,,,
"hIGxprJ69Tl_1luKNs6sy","1595524263602","random","eeemail@gmail.com","some grade","accepted","street location","gmt+1","tutoring","gaming","idk",true,true,true,true,,,,
"twLEDKHu75pGO67tO8J_2","1595524269790","yest","eeemail@gmail.com","some grade","accepted","street location","gmt+1","tutoring","gaming","idk",true,true,true,true,,,,
"bHe4HCWlgU5g6FXQrpYL_","1595524275874","sqej","eeemail@gmail.com","some grade","accepted","street location","gmt+1","tutoring","gaming","idk",true,true,true,true,,,,
"I8H7ipE-Zit_yYhljcW5U","1596061440515","database","eeemail@gmail.com","some grade","pending","street location","gmt+1","tutoring","gaming","idk",true,true,true,true,,,,
"2kg78K_Qe0b2AOOcXTE-E","1596061472785","dat","eeemail@gmail.com","some grade","pending","street location","gmt+1","tutoring","gaming","idk",true,true,true,true,,,,
"8vFqjVb7WjtrojFKMwdhl","1596061479658","t","eeemail@gmail.com","some grade","pending","street location","gmt+1","tutoring","gaming","idk",true,true,true,true,,,,
"EwlKYhybicQuqyObqg0j8","1596061488478","sqdt","eeemail@gmail.com","some grade","pending","street location","gmt+1","tutoring","gaming","idk",true,true,true,true,,,,
"qFG934E_Y3DbHbZ4Sp_6W","1596061495741","ssqfqsft","eeemail@gmail.com","some grade","pending","street location","gmt+1","tutoring","gaming","idk",true,true,true,true,,,,
"WIT6sLKlZw3nTR-Lkihwr","1596061502560","trim","eeemail@gmail.com","some grade","pending","street location","gmt+1","tutoring","gaming","idk",true,true,true,true,,,,
"xUz7CSjz8Q1cnJXF9C57h","1596061515307","lcol","eeemail@gmail.com","some grade","pending","street location","gmt+1","tutoring","gaming","idk",true,true,true,true,,,,
"ECP2aCxf8grLH_k_en6pZ","1596061521485","close","eeemail@gmail.com","some grade","pending","street location","gmt+1","tutoring","gaming","idk",true,true,true,true,,,,
"9sS_QXdTlcaDrJXrIt34n","1596061528714","dim","eeemail@gmail.com","some grade","pending","street location","gmt+1","tutoring","gaming","idk",true,true,true,true,,,,
"aMRye86c4h-P6VJf0HWCY","1596061534764","sde","eeemail@gmail.com","some grade","pending","street location","gmt+1","tutoring","gaming","idk",true,true,true,true,,,,
"zxQXKyrIoK7Edn4ZhV6L-","1596061539936","slim","eeemail@gmail.com","some grade","pending","street location","gmt+1","tutoring","gaming","idk",true,true,true,true,,,,
"dDIwFpuN3Bz9u2nCJd920","1596061544510","fat","eeemail@gmail.com","some grade","pending","street location","gmt+1","tutoring","gaming","idk",true,true,true,true,,,,
"EGOgZ9nC-P2JWgYWlqg-J","1596061550441","dry","eeemail@gmail.com","some grade","pending","street location","gmt+1","tutoring","gaming","idk",true,true,true,true,,,,
"C8xZ--CQ-fjZfqnlkSmmP","1596061555257","wet","eeemail@gmail.com","some grade","pending","street location","gmt+1","tutoring","gaming","idk",true,true,true,true,,,,
"9t2nY5TQhIM0JpGOXcNju","1596061562880","glo","eeemail@gmail.com","some grade","pending","street location","gmt+1","tutoring","gaming","idk",true,true,true,true,,,,
"tsxds_uGZt9YXFp4xn23m","1596061570430","gee","eeemail@gmail.com","some grade","pending","street location","gmt+1","tutoring","gaming","idk",true,true,true,true,,,,
"iQbw0yKghN0bAnmNp8m2m","1596061576181","cursed","eeemail@gmail.com","some grade","pending","street location","gmt+1","tutoring","gaming","idk",true,true,true,true,,,,
"4nGiYquj1JBRC_l6zlWy2","1596061581516","why","eeemail@gmail.com","some grade","pending","street location","gmt+1","tutoring","gaming","idk",true,true,true,true,,,,
"ANaPKykQdwpGncBqU3MA1","1596061590691","lods","eeemail@gmail.com","some grade","pending","street location","gmt+1","tutoring","gaming","idk",true,true,true,true,,,,
"imZUBtak7wfTnMI5cvM-L","1596061596007","fres","eeemail@gmail.com","some grade","pending","street location","gmt+1","tutoring","gaming","idk",true,true,true,true,,,,
"LyuA8JnGcaULYZPNXjUBw","1596061601569","dress","eeemail@gmail.com","some grade","pending","street location","gmt+1","tutoring","gaming","idk",true,true,true,true,,,,
"kSF4RbxfGmn7nqCUJwX6v","1596061606893","mess","eeemail@gmail.com","some grade","pending","street location","gmt+1","tutoring","gaming","idk",true,true,true,true,,,,
"NMYD32tnxJ2IejdXNxOcc","1596061612488","chess","eeemail@gmail.com","some grade","pending","street location","gmt+1","tutoring","gaming","idk",true,true,true,true,,,,
"pvQIVv3G1QX8-WgqSocEO","1596061617888","jess","eeemail@gmail.com","some grade","pending","street location","gmt+1","tutoring","gaming","idk",true,true,true,true,,,,
"1OEklp9PC-lhTmwXyqIZY","1596061624494","ease","eeemail@gmail.com","some grade","pending","street location","gmt+1","tutoring","gaming","idk",true,true,true,true,,,,
"x5OIasIhMyDk830RuQu2K","1596061630746","cliz","eeemail@gmail.com","some grade","pending","street location","gmt+1","tutoring","gaming","idk",true,true,true,true,,,,
"rFn3JWu5EQ9DDLH3XvP-B","1596061636958","niz","eeemail@gmail.com","some grade","pending","street location","gmt+1","tutoring","gaming","idk",true,true,true,true,,,,
"Rlo35c7gAI1kDpDgZeBT3","1596061642918","lmao","eeemail@gmail.com","some grade","pending","street location","gmt+1","tutoring","gaming","idk",true,true,true,true,,,,
"QR8qPZtIoQzQUg3rgdGlc","1596061648225","rong","eeemail@gmail.com","some grade","pending","street location","gmt+1","tutoring","gaming","idk",true,true,true,true,,,,
"1uIFENUF8W5fcoOakm6dU","1596061655465","right","eeemail@gmail.com","some grade","pending","street location","gmt+1","tutoring","gaming","idk",true,true,true,true,,,,
"ji0iEiryF6YB8XkJfe9OG","1596061662444","rof","eeemail@gmail.com","some grade","pending","street location","gmt+1","tutoring","gaming","idk",true,true,true,true,,,,
"EEVOQ0SpCc82GJwiX-VZ4","1596061669730","rawr","eeemail@gmail.com","some grade","pending","street location","gmt+1","tutoring","gaming","idk",true,true,true,true,,,,
"5zXl0vIblGWsnjnM4EG3O","1596061676735","jo","eeemail@gmail.com","some grade","pending","street location","gmt+1","tutoring","gaming","idk",true,true,true,true,,,,
"gHR-5weph-FYpWZU3YCTj","1596061681427","joke","eeemail@gmail.com","some grade","pending","street location","gmt+1","tutoring","gaming","idk",true,true,true,true,,,,
"D90fqsTdwrjYDB-W2Aa1o","1596061687470","clo","eeemail@gmail.com","some grade","pending","street location","gmt+1","tutoring","gaming","idk",true,true,true,true,,,,
"EmyYcH9TVBls3h5bWEVvI","1596061719470","gru","eeemail@gmail.com","some grade","pending","street location","gmt+1","tutoring","gaming","idk",true,true,true,true,,,,
"YPm3W7wkjsSfMyQLGBMFe","1596061725673","yellow","eeemail@gmail.com","some grade","pending","street location","gmt+1","tutoring","gaming","idk",true,true,true,true,,,,
"51ExKoiRBBXf9T55mxVBX","1596061730579","leen","eeemail@gmail.com","some grade","accepted","street location","gmt+1","tutoring","gaming","idk",true,true,true,true,,,,
"KqwIa6ri1uAVIkSAjFiBO","1596061737514","fray","eeemail@gmail.com","some grade","accepted","street location","gmt+1","tutoring","gaming","idk",true,true,true,true,,,,
"LtITAqzeGRqwwlkwbL2lV","1596061747776","mad","eeemail@gmail.com","some grade","accepted","street location","gmt+1","tutoring","gaming","idk",true,true,true,true,,,,
"Tfy39e4LDVIAipjKVZuco","1596061753743","deed","eeemail@gmail.com","some grade","accepted","street location","gmt+1","tutoring","gaming","idk",true,true,true,true,,,,
"MDLQq0nUYPScpZNLmR55B","1596061759090","im","eeemail@gmail.com","some grade","accepted","street location","gmt+1","tutoring","gaming","idk",true,true,true,true,,,,
"mIxapQFoRRl9sx6bH6f5_","1596061764909","uguhhh","eeemail@gmail.com","some grade","accepted","street location","gmt+1","tutoring","gaming","idk",true,true,true,true,,,,
"BwTeaWHMHU9IoaP9KL8rr","1596061772645","ko","eeemail@gmail.com","some grade","accepted","street location","gmt+1","tutoring","gaming","idk",true,true,true,true,,,,
"_8qmv0Hq-4H_U-hFMdW7d","1596061779066","looij","eeemail@gmail.com","some grade","accepted","street location","gmt+1","tutoring","gaming","idk",true,true,true,true,,,,
"ZTyYvUddDUjlSwN_yoIxn","1596061784392","mario","eeemail@gmail.com","some grade","accepted","street location","gmt+1","tutoring","gaming","idk",true,true,true,true,,,,
"oKOUXIhCX2z2gC_fZnVzL","1596061790260","shcell","eeemail@gmail.com","some grade","accepted","street location","gmt+1","tutoring","gaming","idk",true,true,true,true,,,,
"fCWcGo0kWUpyKmVl5nIfG","01-08-2020","schrl","eeemail@gmail.com","some grade","pending","street location","gmt+1","tutoring","gaming","idk",true,true,true,true,"","2020-08-01T18:50:09.307Z","2020-08-01T18:50:09.307Z",
"4dhHrp41miTzMQRhOJTuy","08-01-2020","loiu","eeemail@gmail.com","some grade","pending","street location","gmt+1","tutoring","gaming","idk",true,true,true,true,"",,,
"VSMunHD4WFSokxYF_ZkR1","08-01-2020","new","eeemail@gmail.com","some grade","accepted","street location","gmt+1","tutoring","gaming","idk",true,true,true,true,,,,"08-01-2020"
"9F5kZO7ilGBaggfEDBNJP","08-01-2020","bug","eeemail@gmail.com","some grade","accepted","street location","gmt+1","tutoring","gaming","idk",true,true,true,true,,,,"08-01-2020"